Architecture,Loss Function,IoU_per_class,Mean_IoU,Avg_Dice,Total_Time
UNet,Dice Loss,"[0.9371 0.8088 0.1542 0.9452 0.8363 0.8372 0.3528 0.     0.577  0.3909
 0.     0.2537]",0.5077630877494812,0.8801302768216275,3.3665278854370118
UNet,Cross Entropy Loss,"[0.9343 0.8452 0.0763 0.9686 0.8672 0.8838 0.3131 0.5895 0.6708 0.3183
 0.5661 0.2247]",0.6048257350921631,0.9132232666015625,3.1791696853637696
UNet,Dice Loss + Cross Entropy Loss,"[0.938  0.8104 0.0988 0.968  0.8339 0.8753 0.3573 0.5182 0.618  0.3382
 0.5597 0.2165]",0.594372034072876,0.9030506398418162,3.153681686401367
FCN8s,Cross Entropy Loss,"[0.9269 0.7861 0.1391 0.9366 0.8121 0.8435 0.3302 0.     0.6973 0.2852
 0.     0.272 ]",0.5024271011352539,0.878657879215656,1.071531448364258
FCN8s,Cross Entropy Loss,"[0.8707 0.74   0.     0.7368 0.0332 0.749  0.     0.     0.2407 0.
 0.     0.0051]",0.28128448128700256,0.7702866355971535,1.0692719192504883
FCN8s,Dice Loss + Cross Entropy Loss,"[0.9266 0.8297 0.058  0.9521 0.8267 0.8911 0.3114 0.5265 0.7375 0.2668
 0.4567 0.1472]",0.5775216817855835,0.9004731131072091,1.0643310317993164
